00000000000000000010000010110111
10000000000000001000000010010011
00110000000000001001000001110011
00000000000000000000000010010111
00010011100000001000000010010011
00110000010100001001000001110011
00110000010000000001000001110011
10000000000000000010001000010111
11111110001100100000001000010011
11111111110000100111000100010011
10000000000000000001001010010111
10010000100000101000001010010011
11111111110000101111000110010011
00000000000000000000001100010011
00000000000000000000001110010011
00000000000000000000010000010011
00000000000000000000010010010011
00000000000000000000100000010011
00000000000000000000100010010011
00000000000000000000100100010011
00000000000000000000100110010011
00000000000000000000101000010011
00000000000000000000101010010011
00000000000000000000101100010011
00000000000000000000101110010011
00000000000000000000110000010011
00000000000000000000110010010011
00000000000000000000110100010011
00000000000000000000110110010011
00000000000000000000111000010011
00000000000000000000111010010011
00000000000000000000111100010011
00000000000000000000111110010011
00000000000000000011010110010111
00000011000001011000010110010011
10000000000000000000011000010111
11110111010001100000011000010011
10000000000000000000011010010111
00001001110001101000011010010011
00000000110001011000111001100011
00000000110101100101110001100011
00000000000001011010011100000011
00000000111001100010000000100011
00000000010001011000010110010011
00000000010001100000011000010011
11111110110111111111000001101111
10000000000000000000011100010111
00000111100001110000011100010011
10011010110000011000011110010011
00000000111101110101100001100011
00000000000001110010000000100011
00000000010001110000011100010011
11111111010111111111000001101111
00000000000000000010010000010111
01101111110001000000010000010011
00000000000000000010010010010111
01101111010001001000010010010011
00000000100101000101101001100011
00000000000001000010000010000011
00000000000000001000000011100111
00000000010001000000010000010011
11111111000111111111000001101111
00000000000000000000010100010011
00000000000000000000010110010011
00001000010000000000000011101111
00110000010000000001000001110011
00110100000001010001000001110011
00000000000000000000010000010111
00000011100001000000010000010011
00110000010101000001000001110011
00000000000000000010010000010111
01101011100001000000010000010011
00000000000000000010010010010111
01101011000001001000010010010011
00000000100101000101101001100011
00000000000001000010000010000011
00000000000000001000000011100111
00000000010001000000010000010011
11111111000111111111000001101111
00010000010100000000000001110011
11111111110111111111000001101111
00110100000001000001000001110011
00110100001000000010010001110011
00000001111101000101010000010011
00000010000001000001011001100011
00110100000100000010010001110011
00000000010001000000010000010011
00110100000101000001000001110011
00110100101000000010010001110011
00000000001101000111010000010011
11111111110101000000010000010011
00000000000001000000100001100011
00110100000100000010010001110011
11111111111001000000010000010011
00110100000101000001000001110011
00110100000000000010010001110011
00110000001000000000000001110011
11001111000000010000000100010011
00110000000100010010011000100011
00110000100000010010010000100011
00110000100100010010001000100011
00110001001000010010000000100011
00101111001100010010111000100011
00101111010000010010110000100011
00101111010100010010101000100011
00101111011000010010100000100011
00101111011100010010011000100011
00101111100000010010010000100011
00101111100100010010001000100011
00000001000000000001000011101111
00000000000000000101010110110111
11111111111111111111010100110111
01010000000001010000010100010011
00000000000000000000011000010011
10110000000001011000010110010011
00011000000000000001000011101111
11111111111111111111010100110111
01010000000001010000010100010011
00010011100000000001000011101111
00000010000001010000001001100011
11111100000000000010011111110011
00100000000001111111011110010011
00000100000001111001100001100011
00000000000000000011010110110111
10001011010001011000010110010011
11111111111111111111010100110111
01010000000001010000010100010011
01001000100000000001000011101111
00000000000100000000010100010011
00110000110000010010000010000011
00110000100000010010010000000011
00110000010000010010010010000011
00110000000000010010100100000011
00101111110000010010100110000011
00101111100000010010101000000011
00101111010000010010101010000011
00101111000000010010101100000011
00101110110000010010101110000011
00101110100000010010110000000011
00101110010000010010110010000011
00110001000000010000000100010011
00000000000000001000000001100111
00001110100100000000000011101111
00000000000001010001100001100011
00000000000000000011010110110111
10001110010001011000010110010011
11111010110111111111000001101111
00000000000000000011010110110111
11111111111111111111010100110111
10010000110001011000010110010011
01010000000001010000010100010011
01000010100000000001000011101111
01111100000100000000000011101111
00000000000001010000011000010011
00000000000000000011010110110111
11111111111111111111010100110111
10010101010001011000010110010011
01010000000001010000010100010011
01000000110000000001000011101111
00000000000000000011010110110111
11111111111111111111010100110111
10010111000001011000010110010011
01010000000001010000010100010011
00111111100000000001000011101111
00001001000100000000000011101111
00000000000001010000010000010011
00001100010100000000000011101111
00000000000001010000011010010011
00000000000000000011010110110111
11111111111111111111010100110111
00000000000001000000011000010011
10011011010001011000010110010011
01010000000001010000010100010011
00111101000000000001000011101111
11111111111100000000011110010011
00110010000001111001000001110011
00001000000001000000101001100011
00000000000000000000011110010011
10110000001101111001000001110011
10111000001101111001000001110011
00000000000100000000011100010011
00001000111001000000000001100011
10110000010001111001000001110011
10111000010001111001000001110011
00000000001000000000011100010011
00000110111001000000100001100011
10110000010101111001000001110011
10111000010101111001000001110011
00000000001100000000011100010011
00000110111001000000000001100011
10110000011001111001000001110011
10111000011001111001000001110011
00000000010000000000011100010011
00000100111001000000100001100011
10110000011101111001000001110011
10111000011101111001000001110011
00000000010100000000011100010011
00000100111001000000000001100011
10110000100001111001000001110011
10111000100001111001000001110011
00000000011000000000011110010011
00000010111101000000100001100011
00000000000000000000011110010011
10110000100101111001000001110011
10111000100101111001000001110011
00000000011100000000011100010011
00000000111001000000111001100011
10110000101001111001000001110011
10111000101001111001000001110011
00000000100000000000011100010011
00000000111001000000011001100011
10110000101101111001000001110011
10111000101101111001000001110011
11111100000000000010011111110011
00001000000001111111011110010011
00000000000001111000110001100011
00000000000000000000011110010011
10110000000001111001000001110011
10111000000001111001000001110011
10110000001001111001000001110011
10111000001001111001000001110011
00001000000001000000011001100011
00000000100000000000011110010011
00110010001101111001000001110011
00000000000100000000011100010011
00000110111001000000111001100011
00000001000000000000011100010011
00110010010001110001000001110011
00000000001000000000011100010011
00000110111001000000011001100011
00000010000000000000011100010011
00110010010101110001000001110011
00000000001100000000011100010011
00000100111001000000111001100011
00000100000000000000011100010011
00110010011001110001000001110011
00000000010000000000011100010011
00000100111001000000011001100011
00001000000000000000011100010011
00110010011101110001000001110011
00000000010100000000011100010011
00000010111001000000111001100011
00010000000000000000011100010011
00110010100001110001000001110011
00000000011000000000011100010011
00000010111001000000011001100011
00100000000000000000011100010011
00110010100101110001000001110011
00000000011100000000011100010011
00000000111001000000111001100011
01000000000000000000011100010011
00110010101001110001000001110011
00000000111101000000100001100011
00000000000000000001011110110111
10000000000001111000011110010011
00110010101101111001000001110011
00000000000000000000011110010011
00110010000001111001000001110011
00000000000000000011010110110111
11111111111111111111010100110111
10011110010001011000010110010011
01010000000001010000010100010011
00100110110000000001000011101111
00000000000000000011010110110111
11111111111111111111010100110111
00000010100000000000011100010011
00000010100000000000011010010011
00000010100000000000011000010011
10100000000001011000010110010011
01010000000001010000010100010011
00000000000000000011101100110111
00000000000000000010101010110111
00100100010000000001000011101111
00000001010000000000100110010011
00000010100000000000101000010011
00000011100110110000101100010011
01110001000010101000101010010011
00000000000000000000011110010011
00000000001001111001011100010011
00101101000001110000011100010011
00000001000000010000011010010011
00000000110101110000011100110011
11100010111101110010000000100011
00000000000101111000011110010011
11101100111101110010000000100011
11111111010001111001001011100011
00000000000000000000010010010011
00000000001001001001110000010011
00000001000000010000011100010011
00101101000011000000011110010011
00000000111001111000110000110011
11100010000011000010110010000011
11101100000011000010011110000011
00000000000101001000100100010011
00000000001010010001100100010011
00000000111111001000110010110011
00101101000010010000011110010011
00000000111001111000100100110011
11100010000010010010101110000011
11101100000010010010011110000011
00000000000011001000010100010011
00000000111110111100101110110011
00000000000010111000010110010011
00010110010000000010000011101111
00000000001001001000011110010011
00000000001001111001011110010011
11011000101011000010000000100011
00000001000000010000011100010011
01000000001010111101101110010011
00101101000001111000011110010011
11011001011110010010000000100011
00000000111001111000011110110011
11101100000001111010010100000011
00000001100101010110010100110011
00001111111101010111010100010011
11011000101001111010000000100011
00000000001101001000011110010011
00000000001001111001011110010011
00101101000001111000011110010011
00000000111001111000011110110011
11100010000001111010011010000011
11101100000001111010011100000011
00000000010001001000010010010011
00000000000101110001011100010011
00000000110101110000011100110011
11011000111001111010000000100011
11110111010001001001001011100011
00000000000000000000011110010011
00000000001001111001011100010011
00101101000001110000011100010011
00000001000000010000011010010011
00000000110101110000011100110011
11110110111101110010000000100011
00000000000101111000011110010011
11111111010001111001010011100011
00000000000010110000010100010011
00010111110000000001000011101111
00000000000000000000010010010011
00011000100000000001000011101111
00000000100101010100010100110011
00000010100000000000010110010011
00100000000000000010000011101111
00000000001001010001010100010011
00101101000001010000011110010011
00000001000000010000011100010011
00000000111001111000010100110011
11110110000001010010011110000011
00000000000101001000010010010011
11111101010101001001110011100011
00000110010000000000010010010011
00000010100000000000011000010011
00000001000000010000010110010011
00000011100000010000010100010011
11111111111101001000010010010011
00011010000000000001000011101111
11111110000001001001011011100011
11111111111110011000100110010011
11101100000010011001000011100011
00000000000000000011010110110111
11111111111111111111010100110111
10100010110001011000010110010011
01010000000001010000010100010011
00001101110000000001000011101111
11111111111100000000011110010011
00110010000001111001000001110011
00000000000000000011010110110111
11111111111111111111010100110111
10100100010001011000010110010011
01010000000001010000010100010011
00001100000000000001000011101111
11111100000000000010011111110011
00001000000001111111011110010011
00000010000001111000101001100011
10110000000000000010011001110011
00000000000000000011010110110111
11111111111111111111010100110111
10100110010001011000010110010011
01010000000001010000010100010011
00001001110000000001000011101111
10110000001000000010011001110011
00000000000000000011010110110111
11111111111111111111010100110111
10101001000001011000010110010011
01010000000001010000010100010011
00001000010000000001000011101111
00010000000001000000111001100011
10110000001100000010011001110011
00000000000000000011010110110111
11111111111111111111010100110111
10101011110001011000010110010011
01010000000001010000010100010011
00000110100000000001000011101111
00000000000100000000011110010011
00001110111101000000111001100011
10110000010000000010011001110011
00000000000000000011010110110111
11111111111111111111010100110111
10101110100001011000010110010011
01010000000001010000010100010011
00000100100000000001000011101111
00000000001000000000011110010011
00001100111101000000111001100011
10110000010100000010011001110011
00000000000000000011010110110111
11111111111111111111010100110111
10110001010001011000010110010011
01010000000001010000010100010011
00000010100000000001000011101111
00000000001100000000011110010011
00001010111101000000111001100011
10110000011000000010011001110011
00000000000000000011010110110111
11111111111111111111010100110111
10110100000001011000010110010011
01010000000001010000010100010011
00000000100000000001000011101111
00000000010000000000011110010011
00001000111101000000111001100011
10110000011100000010011001110011
00000000000000000011010110110111
11111111111111111111010100110111
10110110110001011000010110010011
01010000000001010000010100010011
01111110100100000000000011101111
00000000010100000000011110010011
00000110111101000000111001100011
10110000100000000010011001110011
00000000000000000011010110110111
11111111111111111111010100110111
10111001100001011000010110010011
01010000000001010000010100010011
01111100100100000000000011101111
00000000011000000000011110010011
00000100111101000000111001100011
10110000100100000010011001110011
00000000000000000011010110110111
11111111111111111111010100110111
10111100010001011000010110010011
01010000000001010000010100010011
01111010100100000000000011101111
00000000011100000000011110010011
00000010111101000000111001100011
10110000101000000010011001110011
00000000000000000011010110110111
11111111111111111111010100110111
10111111000001011000010110010011
01010000000001010000010100010011
01111000100100000000000011101111
00000000100000000000011110010011
00000000111101000000111001100011
10110000101100000010011001110011
00000000000000000011010110110111
11111111111111111111010100110111
11000001110001011000010110010011
01010000000001010000010100010011
01110110100100000000000011101111
00000000000000000011010110110111
11111111111111111111010100110111
11000100100001011000010110010011
01010000000001010000010100010011
01110101010100000000000011101111
10110000000000000010010001110011
10110000001000000010101001110011
10110000100000000010100101110011
10110000100100000010100111110011
10110000101000000010011001110011
00000000110000010010011000100011
00101101010100000000000011101111
00000000000001010000010010010011
00000000000000000011010110110111
11111111111111111111010100110111
11000110000001011000010110010011
01010000000001010000010100010011
01110010000100000000000011101111
00000000000001001000010110010011
00000000000001000000010100010011
00011101010000000000000011101111
00000000000001000000010110010011
00000000000010100000010100010011
00100100010000000000000011101111
00000000110000010010011000000011
00000000000010010000010100010011
00000000000001000000011010010011
00000000000010011000010110010011
00101001100000000000000011101111
00000000000000000000010100010011
10100110110111111111000001101111
11111011000000010000000100010011
00000100000100010010011000100011
00000100100000010010010000100011
00000100100100010010001000100011
00000101001000010010000000100011
00000011001100010010111000100011
00000011010000010010110000100011
00000011011000010010100000100011
00000000000001100000101000010011
00000000000001011000101100010011
00000000000001010000100100010011
00000011010100010010101000100011
00000011011100010010011000100011
00000011100000010010010000100011
00000011100100010010001000100011
00000011101000010010000000100011
00111111000100000001000011101111
00000000000001010000010010010011
00000000001010100001010100010011
00000001010001010000010100110011
00000000000101010001010100010011
01000100110100000001000011101111
00000000000001010000010000010011
00000000000001001000010100010011
01000100000100000001000011101111
00000000000001010000010110010011
00000000000010010000010100010011
01111001010000000001000011101111
00000000000001010000010110010011
00000000000001000000010100010011
01000011110000000001000011101111
00111011010100000001000011101111
01000001111101010101011110010011
00000000101001111100010000110011
01000000111101000000010000110011
00000000000000000000100110010011
00000000000001001101101001100011
00000010110100000000011110010011
00000000111110110000000000100011
01000000100100000000010010110011
00000000000100000000100110010011
00000000000000010000101010010011
00000000000000000000100100010011
00000000000010101000110010010011
00000000100100000000110100010011
00000000101000000000010110010011
00000000000001001000010100010011
01101111110100000001000011101111
00000011000001010000010100010011
00000000101010101000000000100011
00000000101000000000010110010011
00000000000001001000010100010011
00000000000001001000110000010011
01100110000100000001000011101111
00000000000010010000101110010011
00000000000001010000010010010011
00000000000110010000100100010011
00000000000110101000101010010011
11111101100011010100011011100011
00000001001110110000011110110011
11111111111110010000100100010011
00000001001011001000011100110011
00000000000001110100011100000011
00000000000101111000011110010011
11111110111001111000111110100011
11111110000010010001011011100011
00000001011110011000010010110011
00000000000110011000100110010011
00000001001110110000100110110011
00000001011110011000100110110011
00000010111000000000011110010011
00000000001001001000101010010011
00000000111110011000000000100011
00000000100110110000010010110011
00000000000101001000010010010011
00000101010010010100100001100011
00000000000010100101010001100011
00000000000000000000101000010011
00000001010110110000011000110011
00000001010001100000011000110011
00000000000001100000000000100011
00000100110000010010000010000011
00000100100000010010010000000011
00000100010000010010010010000011
00000100000000010010100100000011
00000011110000010010100110000011
00000011100000010010101000000011
00000011010000010010101010000011
00000011000000010010101100000011
00000010110000010010101110000011
00000010100000010010110000000011
00000010010000010010110010000011
00000010000000010010110100000011
00000101000000010000000100010011
00000000000000001000000001100111
00000000101000000000010110010011
00000000000001000000010100010011
01100011010100000001000011101111
00000011000001010000010100010011
00000000101001001000000010100011
00000000101000000000010110010011
00000000000001000000010100010011
01011001110100000001000011101111
00000000000001010000010000010011
00000000000110010000100100010011
11111000010111111111000001101111
11111011000000010000000100010011
00000100000100010010011000100011
00000100100000010010010000100011
00000100100100010010001000100011
00000000000001011000010010010011
00111110110100000001000011101111
00000000000001010000010000010011
00000000000001001000010100010011
00111110000100000001000011101111
00000000000001010000010110010011
00000000000001000000010100010011
01110101110100000000000011101111
00000000001100000000011000010011
00000000000000010000010110010011
11100010000111111111000011101111
00000000000000000010010110110111
11111111111111111111010100110111
01111101000001011000010110010011
01010000000001010000010100010011
01001111010100000000000011101111
00000000000000000010010110110111
11111111111111111111010100110111
00000000000000010000011000010011
01111110010001011000010110010011
01010000000001010000010100010011
01001101110100000000000011101111
00000100110000010010000010000011
00000100100000010010010000000011
00000100010000010010010010000011
00000101000000010000000100010011
00000000000000001000000001100111
11111011000000010000000100010011
00000100000100010010011000100011
00000100100000010010010000100011
00000100100100010010001000100011
00000000000001011000010010010011
00110111000100000001000011101111
00000000000001010000010000010011
00000000000001001000010100010011
00110110010100000001000011101111
00000000000001010000010110010011
00000000000001000000010100010011
01101110000100000000000011101111
00000000000000010000010110010011
00000000001100000000011000010011
11011010010111111111000011101111
00000000000000000010010110110111
11111111111111111111010100110111
00000000000000010000011000010011
01111111110001011000010110010011
01010000000001010000010100010011
01000111010100000000000011101111
00000100110000010010000010000011
00000100100000010010010000000011
00000100010000010010010010000011
00000101000000010000000100010011
00000000000000001000000001100111
11111010000000010000000100010011
00000100100100010010101000100011
00000000101101010000010010110011
00000000000001100000010100010011
00000100000100010010111000100011
00000100100000010010110000100011
00000101001000010010100000100011
00000101001100010010011000100011
00000000000001100000100100010011
00000000000001101000100110010011
00101111010100000001000011101111
00000000000001010000010000010011
00000000000010011000010100010011
00101110100100000001000011101111
00000000000001010000010110010011
00000000000001000000010100010011
01100110010100000000000011101111
10000000000000000000011110110111
00010010100001111010010110000011
00011101110000000001000011101111
00000000001000000000011000010011
00000000000000010000010110010011
11010001110111111111000011101111
00000000000000000011010110110111
11111111111111111111010100110111
10000010000001011000010110010011
01010000000001010000010100010011
00111111000100000000000011101111
00000000000000000011010110110111
11111111111111111111010100110111
00000000000001001000011000010011
10000011100001011000010110010011
01010000000001010000010100010011
00111101100100000000000011101111
00000000000000000011010110110111
11111111111111111111010100110111
00000000000000010000011010010011
00000000000010010000011000010011
10000101100001011000010110010011
01010000000001010000010100010011
00111011110100000000000011101111
00000000000001001000010100010011
00100111010100000001000011101111
00000000000001010000010110010011
00000000000001000000010100010011
01011111000100000000000011101111
00000000000000010000010110010011
00000000001100000000011000010011
11001011010111111111000011101111
00000000000000000011010110110111
11111111111111111111010100110111
00000000000000010000011000010011
10001000100001011000010110010011
01010000000001010000010100010011
00111000010100000000000011101111
00000101110000010010000010000011
00000101100000010010010000000011
00000101010000010010010010000011
00000101000000010010100100000011
00000100110000010010100110000011
00000110000000010000000100010011
00000000000000001000000001100111
11111100000000000010010101110011
00100000000001010111010100010011
00000010000001010000001001100011
00110010000000000010011101110011
11111111100000000000011110010011
00110010000001111010000001110011
00110010000000000010011111110011
00000000000000000000010100010011
00000000001101111101011110010011
00000000000001111001011001100011
00110010000001110001000001110011
00000000000000001000000001100111
00000000000101010000010100010011
00000000000101111101011110010011
11111110110111111111000001101111
11111100000000000010010101110011
00100000000001010111010100010011
00000010000001010000011001100011
00000000100000000000011110010011
00110010000001111010000001110011
11111111111100000000011110010011
10110000001101111001000001110011
10111000001101111001000001110011
10110000001100000010011111110011
00000000000000000000010100010011
00000000000001111001100001100011
10111000001100000010011111110011
00000000000001111001101001100011
00000000000000001000000001100111
00000000000101010000010100010011
00000000000101111101011110010011
11111110100111111111000001101111
00000000000101010000010100010011
00000000000101111101011110010011
11111110010111111111000001101111
00110100000000010001000001110011
11111000000000010000000100010011
00000000000000010010000000100011
00000000000100010010001000100011
00110100000000010001000011110011
00000000000100010010010000100011
00000000001100010010011000100011
00000000010000010010100000100011
00000000010100010010101000100011
00000000011000010010110000100011
00000000011100010010111000100011
00000010100000010010000000100011
00000010100100010010001000100011
00000010101000010010010000100011
00000010101100010010011000100011
00000010110000010010100000100011
00000010110100010010101000100011
00000010111000010010110000100011
00000010111100010010111000100011
00000101000000010010000000100011
00000101000100010010001000100011
00000101001000010010010000100011
00000101001100010010011000100011
00000101010000010010100000100011
00000101010100010010101000100011
00000101011000010010110000100011
00000101011100010010111000100011
00000111100000010010000000100011
00000111100100010010001000100011
00000111101000010010010000100011
00000111101100010010011000100011
00000111110000010010100000100011
00000111110100010010101000100011
00000111111000010010110000100011
00000111111100010010111000100011
00110100001000000010011111110011
00000000101100000000011100010011
00000010111101110110101001100011
00000000000000000011011100110111
00000000001001111001011110010011
11100111000001110000011100010011
00000000111001111000011110110011
00000000000001111010011110000011
00000000000001111000000001100111
00000000000000000011011100110111
00000000001001111001011110010011
11101010000001110000011100010011
00000000111001111000011110110011
00000000000001111010011110000011
00000000000001111000000001100111
10000000000000000000011100110111
11111111110101110000011100010011
00000000111001111000011110110011
00000001110000000000011100010011
11111100111101110111110011100011
00000000000000000001011110110111
11110001110001111000011110010011
00000000110000000000000001101111
10000000000000000000011110110111
00010011000001111010011110000011
00000000000001111000000011100111
00110100001000000010011111110011
00000010000001111100110001100011
00000000000100000000011100010011
00000010111001111000100001100011
00110100000100000010011011110011
00000000010001101000011100010011
00110000000100000010011111110011
00000000010001111111011110010011
00000000000001111000110001100011
00110100101000000010011111110011
00000000001100000000011000010011
00000000001101111111011110010011
00000000110001111000010001100011
00000000001001101000011100010011
00110100000101110001000001110011
00000000010000010010000010000011
00000000110000010010000110000011
00000001000000010010001000000011
00000001010000010010001010000011
00000001100000010010001100000011
00000001110000010010001110000011
00000010000000010010010000000011
00000010010000010010010010000011
00000010100000010010010100000011
00000010110000010010010110000011
00000011000000010010011000000011
00000011010000010010011010000011
00000011100000010010011100000011
00000011110000010010011110000011
00000100000000010010100000000011
00000100010000010010100010000011
00000100100000010010100100000011
00000100110000010010100110000011
00000101000000010010101000000011
00000101010000010010101010000011
00000101100000010010101100000011
00000101110000010010101110000011
00000110000000010010110000000011
00000110010000010010110010000011
00000110100000010010110100000011
00000110110000010010110110000011
00000111000000010010111000000011
00000111010000010010111010000011
00000111100000010010111100000011
00000111110000010010111110000011
00000000100000010010000100000011
00110000001000000000000001110011
10000000000000000000011110110111
00010011010001111010011110000011
11110011100111111111000001101111
10000000000000000000011110110111
00010011100001111010011110000011
11110010110111111111000001101111
10000000000000000000011110110111
00010011110001111010011110000011
11110010000111111111000001101111
10000000000000000000011110110111
00010100000001111010011110000011
11110001010111111111000001101111
10000000000000000000011110110111
00010100010001111010011110000011
11110000100111111111000001101111
10000000000000000000011110110111
00010100100001111010011110000011
11101111110111111111000001101111
10000000000000000000011110110111
00010100110001111010011110000011
11101111000111111111000001101111
10000000000000000000011110110111
00010101000001111010011110000011
11101110010111111111000001101111
10000000000000000000011110110111
00010101010001111010011110000011
11101101100111111111000001101111
10000000000000000000011110110111
00010101100001111010011110000011
11101100110111111111000001101111
10000000000000000000011110110111
00010101110001111010011110000011
11101100000111111111000001101111
10000000000000000000011110110111
00010110000001111010011110000011
11101011010111111111000001101111
10000000000000000000011110110111
00010110010001111010011110000011
11101010100111111111000001101111
10000000000000000000011110110111
00010110100001111010011110000011
11101001110111111111000001101111
10000011110000011010011110000011
11101001010111111111000001101111
10000100000000011010011110000011
11101000110111111111000001101111
10000100010000011010011110000011
11101000010111111111000001101111
10000100100000011010011110000011
11100111110111111111000001101111
10000100110000011010011110000011
11100111010111111111000001101111
10000101000000011010011110000011
11100110110111111111000001101111
10000101010000011010011110000011
11100110010111111111000001101111
10000101100000011010011110000011
11100101110111111111000001101111
10000101110000011010011110000011
11100101010111111111000001101111
10000110000000011010011110000011
11100100110111111111000001101111
10000110010000011010011110000011
11100100010111111111000001101111
10000110100000011010011110000011
11100011110111111111000001101111
10000110110000011010011110000011
11100011010111111111000001101111
10000111000000011010011110000011
11100010110111111111000001101111
11111110000000010000000100010011
00000001001100010010011000100011
00000000000001010000100110010011
11111111111111111111010100110111
01010000000001010000010100010011
00000000000100010010111000100011
00000000100000010010110000100011
00000000100100010010101000100011
00000001001000010010100000100011
00000001010000010010010000100011
01000111010000000000000011101111
00000100000001010000111001100011
11111111111111111111010100110111
00000011000000000000010110010011
01010000000001010000010100010011
01010100010000000000000011101111
11111111111111111111010100110111
00000111100000000000010110010011
01010000000001010000010100010011
00000000000000000011100100110111
11111111111111111111010010110111
01010010110000000000000011101111
00000001110000000000010000010011
11110100010010010000100100010011
01010000000001001000010010010011
11111111110000000000101000010011
00000000100010011101011110110011
00000000111101111111011110010011
00000000111110010000011110110011
00000000000001111100010110000011
00000000000001001000010100010011
11111111110001000000010000010011
01010000000000000000000011101111
11111111010001000001001011100011
00000001110000010010000010000011
00000001100000010010010000000011
00000001010000010010010010000011
00000001000000010010100100000011
00000000110000010010100110000011
00000000100000010010101000000011
00000010000000010000000100010011
00000000000000001000000001100111
11111111111111111111010100110111
11111111000000010000000100010011
01010000000001010000010100010011
00000000000100010010011000100011
00000000100000010010010000100011
00111110000000000000000011101111
00100100000001010000011001100011
00000000000000000011010110110111
11111111111111111111010100110111
11000111110001011000010110010011
01010000000001010000010100010011
01001100000000000000000011101111
00110000000000000010011111110011
00000000101101111101011100010011
00000000001101110111011100010011
00000010000001110000111001100011
00000000000000000011010110110111
11001000110001011000010110010011
11111111111111111111010100110111
01010000000001010000010100010011
01001001110000000000000011101111
00110100001000000010010001110011
00000000101100000000011110010011
00000010100001111110010001100011
00000000000000000011011100110111
00000000001001000001011110010011
11110001010001110000011100010011
00000000111001111000011110110011
00000000000001111010011110000011
00000000000001111000000001100111
00000000000000000011010110110111
11001001010001011000010110010011
11111100100111111111000001101111
10000000000000000000011110110111
00000000101101111000011110010011
00011010111101000000000001100011
00000010100001111110110001100011
10000000000000000000011110110111
00000000001101111000011110010011
00010110111101000000110001100011
10000000000000000000011110110111
00000000011101111000011110010011
00010110111101000000110001100011
00000000000000000011010110110111
11111111111111111111010100110111
01010000000001010000010100010011
11011111000001011000010110010011
01000011000000000000000011101111
00000000000001000000010100010011
00000011000000000000000001101111
10000000000000000000011110110111
11111111000001111000011110010011
00000000111101000000011110110011
00000000111100000000011100010011
11111100111101110110101011100011
00000000000000000011010110110111
11111111111111111111010100110111
01010000000001010000010100010011
11011110010001011000010110010011
01000000000000000000000011101111
00000000111101000111010100010011
11100110010111111111000011101111
00000001100000000000000001101111
00000000000000000011010110110111
11001001110001011000010110010011
11111111111111111111010100110111
01010000000001010000010100010011
00111110000000000000000011101111
00000000000000000011010110110111
11111111111111111111010100110111
11100000010001011000010110010011
01010000000001010000010100010011
00111100110000000000000011101111
00110100000100000010010101110011
11100011000111111111000011101111
00000000000000000011010110110111
11111111111111111111010100110111
11100000110001011000010110010011
01010000000001010000010100010011
00111011000000000000000011101111
00110100101000000010010101110011
11100001010111111111000011101111
00000000000000000011010110110111
11111111111111111111010100110111
11100001100001011000010110010011
01010000000001010000010100010011
00111001010000000000000011101111
00110100001100000010010101110011
11011111100111111111000011101111
00001100000001000101101001100011
00000000000000000011010110110111
11111111111111111111010100110111
11100010010001011000010110010011
01010000000001010000010100010011
00110111010000000000000011101111
00000000000100000000011110010011
00000000100001111001011110110011
00110000010001111011000001110011
00000000100000010010010000000011
00000000110000010010000010000011
00000000000000000011010110110111
11111111111111111111010100110111
11100101110001011000010110010011
01010000000001010000010100010011
00000001000000010000000100010011
00110100100000000000000001101111
00000000000000000011010110110111
11001011100001011000010110010011
11110101010111111111000001101111
00000000000000000011010110110111
11001100110001011000010110010011
11110100100111111111000001101111
00000000000000000011010110110111
11001110110001011000010110010011
11110011110111111111000001101111
00000000000000000011010110110111
11010000010001011000010110010011
11110011000111111111000001101111
00000000000000000011010110110111
11010001110001011000010110010011
11110010010111111111000001101111
00000000000000000011010110110111
11010011000001011000010110010011
11110001100111111111000001101111
00000000000000000011010110110111
11010100110001011000010110010011
11110000110111111111000001101111
00000000000000000011010110110111
11010110000001011000010110010011
11110000000111111111000001101111
00000000000000000011010110110111
11011000000001011000010110010011
11101111010111111111000001101111
00000000000000000011010110110111
11011010000001011000010110010011
11101110100111111111000001101111
00000000000000000011010110110111
11011011100001011000010110010011
11101101110111111111000001101111
00000000000000000011010110110111
11011100110001011000010110010011
11101101000111111111000001101111
00000000000100000000011110010011
11110100100001111110011011100011
00000000000000000011010110110111
11111111111111111111010100110111
11100011110001011000010110010011
01010000000001010000010100010011
00101001110000000000000011101111
00000000000000000000011110010011
00110000010001111001000001110011
00010000010100000000000001110011
11111111110111111111000001101111
00000000110000010010000010000011
00000000100000010010010000000011
00000001000000010000000100010011
00000000000000001000000001100111
00000001110000000000011110010011
00000010101001111110010001100011
10000000000000000000011110110111
00000000001001010001010100010011
00010011000001111000011110010011
00000000000000000001011100110111
00000000101001111000011110110011
11110001110001110000011100010011
00000000111001111010000000100011
00000000000000000000010100010011
00000000000000001000000001100111
11111111111100000000010100010011
00000000000000001000000001100111
11111111000000010000000100010011
00000000000000000010011110110111
00000000000100010010011000100011
00000000100000010010010000100011
00000000100100010010001000100011
10000000000001111000011110010011
00110000000001111001000001110011
00000000000000000001011110110111
10111010110001111000011110010011
00110000010101111001000001110011
00000000000000000000011110010011
00110000010001111001000001110011
00000000000000000000010000010011
00000001110100000000010010010011
00000000000001000000010100010011
00000000000101000000010000010011
11111000110111111111000011101111
11111110100101000001101011100011
00000000110000010010000010000011
00000000100000010010010000000011
00000000010000010010010010000011
00000001000000010000000100010011
00000000000000001000000001100111
11100000000000000010010100000011
00000000000000001000000001100111
11111101000000010000000100010011
00000010100000010010010000100011
00000010100100010010001000100011
00000011001000010010000000100011
00000001001100010010111000100011
00000010000100010010011000100011
00000001010000010010110000100011
00000000000000000011100110110111
00000000000001010000010010010011
00000000000001011000010000010011
00000000000001011000010100100011
00000000000000000000100100010011
11110110110010011000100110010011
00000000010000010000011110010011
00000000101000000000010110010011
00000000000001001000010100010011
00000001001001111000101000110011
01001011010000000001000011101111
00000000101010011000010100110011
00000000000001010100011110000011
00000000101000000000010110010011
00000000000001001000010100010011
00000000111110100000000000100011
01000101010000000001000011101111
00000000000110010000100100010011
00000000101000000000011110010011
00000000000001010000010010010011
11111100111110010001010011100011
00000000010000010000011100010011
00000000100100000000011110010011
00000011000000000000011010010011
00000000100101110100011000000011
00000000110101100001101001100011
00000000000001110000010010100011
11111111111101111000011110010011
11111111111101110000011100010011
11111110000001111001011011100011
00000000000000000000011100010011
11111111111100000000011000010011
00000000010000010000011010010011
00000000111101101000011010110011
00000000000001101100011010000011
00000000000001101000100001100011
00000000111001000000010110110011
00000000110101011000000000100011
00000000000101110000011100010011
11111111111101111000011110010011
11111110110001111001000011100011
00000000111001000000010000110011
00000000000001000000000000100011
00000010110000010010000010000011
00000010100000010010010000000011
00000010010000010010010010000011
00000010000000010010100100000011
00000001110000010010100110000011
00000001100000010010101000000011
00000011000000010000000100010011
00000000000000001000000001100111
11111111111111111111011100110111
01010000000001110000011100010011
00000000000001010000011110010011
00000000111001010001101001100011
11100000100000000010010100000011
00000001000101010101010100010011
00000000000101010111010100010011
00000000000000001000000001100111
11111111111111111111011100110111
01100000000001110000011100010011
00000000000000000000010100010011
11111110111001111001100011100011
11100000100000000010010100000011
00000001100101010101010100010011
11111110000111111111000001101111
11111111000000010000000100010011
00000000000100010010011000100011
00000000100000010010010000100011
00000000100100010010001000100011
00000001001000010010000000100011
00000000000001010010000000100011
00000000000001011000100100010011
00000000000001100000010000010011
00000000000001010000010010010011
11101011000111111111000011101111
00000000000110010001010110010011
00110110000000000001000011101111
00000000000000000000011100010011
00111111111000000000011010010011
00000100101001101110100001100011
11111111111101010000011110010011
00000000000000010000011010110111
11111100000001101000011010010011
00000000011001111001011110010011
00000000110101111111011110110011
00000111110000000000011010110111
00000000110101000111010000110011
00000000001101110001011100010011
00000000100001111110011110110011
00000001100001110111011100010011
00000000110000010010000010000011
00000000100000010010010000000011
00000000111001111110011110110011
00000000000101111110011110010011
00000000111101001010000000100011
00000000000000010010100100000011
00000000010000010010010010000011
00000001000000010000000100010011
00000000000000001000000001100111
11111111111001110000011110010011
11111111110101111111011110010011
00000000000001111001100001100011
00000000001101010101010100010011
00000000000101110000011100010011
11111001110111111111000001101111
00000000000101010101010100010011
11111111010111111111000001101111
00000000000001010010011110000011
00000000101001111001011100010011
11111110000001110100110011100011
00000000101101010010001000100011
00000000000000001000000001100111
11111110000000010000000100010011
00000000100000010010110000100011
00000000100100010010101000100011
00000001001100010010011000100011
00000000000100010010111000100011
00000001001000010010100000100011
00000000000001010000010010010011
00000000000001011000010000010011
00000000101000000000100110010011
00000000000001000100100100000011
00000000000101000000010000010011
00000010000010010001000001100011
00000001110000010010000010000011
00000001100000010010010000000011
00000001010000010010010010000011
00000001000000010010100100000011
00000000110000010010100110000011
00000010000000010000000100010011
00000000000000001000000001100111
00000001001110010001100001100011
00000000110100000000010110010011
00000000000001001000010100010011
11111001010111111111000011101111
00000000000010010000010110010011
00000000000001001000010100010011
11111000100111111111000011101111
11111011110111111111000001101111
11111100000000010000000100010011
00000010100000010010110000100011
00000010100100010010101000100011
00000011001000010010100000100011
00000011001100010010011000100011
00000011010000010010010000100011
00000011010100010010001000100011
00000011011000010010000000100011
00000001100000010010110000100011
00000010000100010010111000100011
00000001011100010010111000100011
00000001100100010010101000100011
00000000000001010000100100010011
00000000000001011000010010010011
00000000000001100000010000010011
00000010010100000000100110010011
00000000101000000000110000010011
00000110100100000000101000010011
00000111010100000000101010010011
00000110001100000000101100010011
00000000000001001100110010000011
00000010000011001001110001100011
00000011110000010010000010000011
00000011100000010010010000000011
00000011010000010010010010000011
00000011000000010010100100000011
00000010110000010010100110000011
00000010100000010010101000000011
00000010010000010010101010000011
00000010000000010010101100000011
00000001110000010010101110000011
00000001100000010010110000000011
00000001010000010010110010000011
00000100000000010000000100010011
00000000000000001000000001100111
00010111001111001001010001100011
00000000001001001000101110010011
00000000000101001100010010000011
00010001010001001000111001100011
00000100100110100110000001100011
00001111011001001000110001100011
00000000100110110110111001100011
00000101100000000000011110010011
00000111001101001001000001100011
00000010010100000000010110010011
00000000000010010000010100010011
11101100100111111111000011101111
00001111000000000000000001101111
00000110010000000000011110010011
00001110111101001000100001100011
00000010010100000000010110010011
00000000000010010000010100010011
11101011000111111111000011101111
00000000000001001000010110010011
11111101110111111111000001101111
00010001010101001000010001100011
00000010100110101110010001100011
00000111000000000000011110010011
00000010111101001000010001100011
00000111001100000000011110010011
11111100111101001001110011100011
00000000000001000010010110000011
00000000010001000000010010010011
00000000000010010000010100010011
11101001010111111111000011101111
00001010010000000000000001101111
00000111100000000000011110010011
11111010111101001001111011100011
00000000000001000010100000000011
00000000010000010000011010010011
00000000000000000011011000110111
00000000010001000000110010010011
00000000000000000000011100010011
00000000000001101000010110010011
11110101100001100000011000010011
00000010000000000000010100010011
00000000111010000101011110110011
00000000111101111111011110010011
00000000111101100000011110110011
00000000000001111100011110000011
00000000010001110000011100010011
11111111111101101000011010010011
00000000111101101000010000100011
11111110101001110001001011100011
00000000000000010000011000100011
00000101100000000000011110010011
00000010111101001001100001100011
00000000000001011000011110010011
00000001100100000000010100010011
00000000111100010000011000010011
00000000000001111100011100000011
11111001111101110000011010010011
00001111111101101111011010010011
00000000110101010110011001100011
11111110000001110000011100010011
00000000111001111000000000100011
00000000000101111000011110010011
11111110110001111001001011100011
00000000000010010000010100010011
11100000100111111111000011101111
00000000000011001000010000010011
00000001100000000000000001101111
00000000000001000100010110000011
00000000000010010000010100010011
00000000010001000000010010010011
11011101110111111111000011101111
00000000000001001000010000010011
00000000000010111000010010010011
11101010000111111111000001101111
00000000010001000000010010010011
00000000000001000010010000000011
00000000000001000101101001100011
00000010110100000000010110010011
00000000000010010000010100010011
01000000100000000000010000110011
11011011010111111111000011101111
00000000010000010000010110010011
00000000000001000000010100010011
10111101110111111111000011101111
00000000010000010000010110010011
11110001110111111111000001101111
00000000000001000010010100000011
00000000010001000000010010010011
00000000010000010000010110010011
11111110100111111111000001101111
00000001100011001001100001100011
00000000110100000000010110010011
00000000000010010000010100010011
11011000000111111111000011101111
00000000000101001000101110010011
00000000000011001000010110010011
11101010100111111111000001101111
11111100000000010000000100010011
00000010110000010010010000100011
00000010100000010000011000010011
00000000000100010010111000100011
00000010110100010010011000100011
00000010111000010010100000100011
00000010111100010010101000100011
00000011000000010010110000100011
00000011000100010010111000100011
00000000110000010010011000100011
11011100100111111111000011101111
00000001110000010010000010000011
00000100000000010000000100010011
00000000000000001000000001100111
10000000000000000000011110110111
00010010110001111010011110000011
00001000101001111010110000100011
00001000000001111010111000100011
00000000000000001000000001100111
11111111000000010000000100010011
10000000000000000000011110110111
00000000100000010010010000100011
00010010110001111010010000000011
10000000000000000000011110110111
00010010000001111010011000000011
00001001100001000010010100000011
00001001110001000010010110000011
00010010010001111010011010000011
00000000000100010010011000100011
01110100110100000000000011101111
00000000000101010000011110010011
00000000101001111011010100110011
00000000101101010000010110110011
00000000110000010010000010000011
00001000111101000010110000100011
00001000101101000010111000100011
00000000100000010010010000000011
00000000000101011001010100010011
00000000000101010101010100010011
00000001000000010000000100010011
00000000000000001000000001100111
00000000101001011100011110110011
00000000001101111111011110010011
00000000110001010000100010110011
00000110000001111001010001100011
00000000001100000000011110010011
00000110110001111111000001100011
00000000001101010111011110010011
00000000000001010000011100010011
00000110000001111001101001100011
11111111110010001111011000010011
01000000111001100000011010110011
00000010000000000000011110010011
00001000110101111100111001100011
00000000000001011000011010010011
00000000000001110000011110010011
00000010110001110111100001100011
00000000000001101010100000000011
00000000010001111000011110010011
00000000010001101000011010010011
11111111000001111010111000100011
11111110110001111110100011100011
11111111111101100000011110010011
01000000111001111000011110110011
11111111110001111111011110010011
00000000010001111000011110010011
00000000111101110000011100110011
00000000111101011000010110110011
00000001000101110110100001100011
00000000000000001000000001100111
00000000000001010000011100010011
00000101000101010111100001100011
00000000000001011100011110000011
00000000000101110000011100010011
00000000000101011000010110010011
11111110111101110000111110100011
11111110111010001001100011100011
00000000000000001000000001100111
00000000000001011100011010000011
00000000000101110000011100010011
00000000001101110111011110010011
11111110110101110000111110100011
00000000000101011000010110010011
11110110000001111000111011100011
00000000000001011100011010000011
00000000000101110000011100010011
00000000001101110111011110010011
11111110110101110000111110100011
00000000000101011000010110010011
11111100000001111001101011100011
11110110000111111111000001101111
00000000000000001000000001100111
11111111000000010000000100010011
00000000100000010010011000100011
00000010000000000000010000010011
00000000000001011010001110000011
00000000010001011010001010000011
00000000100001011010111110000011
00000000110001011010111100000011
00000001000001011010111010000011
00000001010001011010111000000011
00000001100001011010001100000011
00000001110001011010100000000011
00000010000001011010011010000011
00000010010001110000011100010011
01000000111001100000011110110011
11111100011101110010111000100011
11111110010101110010000000100011
11111111111101110010001000100011
11111111111001110010010000100011
11111111110101110010011000100011
11111111110001110010100000100011
11111110011001110010101000100011
11111111000001110010110000100011
11111110110101110010111000100011
00000010010001011000010110010011
11111010111101000100011011100011
00000000000001011000011010010011
00000000000001110000011110010011
00000010110001110111100001100011
00000000000001101010100000000011
00000000010001111000011110010011
00000000010001101000011010010011
11111111000001111010111000100011
11111110110001111110100011100011
11111111111101100000011110010011
01000000111001111000011110110011
11111111110001111111011110010011
00000000010001111000011110010011
00000000111101110000011100110011
00000000111101011000010110110011
00000001000101110110100001100011
00000000110000010010010000000011
00000001000000010000000100010011
00000000000000001000000001100111
00000000000001011100011110000011
00000000000101110000011100010011
00000000000101011000010110010011
11111110111101110000111110100011
11111110111010001000001011100011
00000000000001011100011110000011
00000000000101110000011100010011
00000000000101011000010110010011
11111110111101110000111110100011
11111100111010001001111011100011
11111100110111111111000001101111
11111101000000010000000100010011
00000010100100010010001000100011
00000001011101010101010010010011
00000001001100010010111000100011
00000001010100010010101000100011
00000001011000010010100000100011
00000000100101010001101010010011
00000010000100010010011000100011
00000010100000010010010000100011
00000011001000010010000000100011
00000001010000010010110000100011
00000001011100010010011000100011
00000001100000010010010000100011
00001111111101001111010010010011
00000000000001011000101100010011
00000000100110101101101010010011
00000001111101010101100110010011
00001000000001001000010001100011
00001111111100000000011110010011
00001010111101001000000001100011
00000000001110101001101010010011
00000100000000000000011110110111
00000000111110101110101010110011
11111000000101001000010010010011
00000000000000000000101110010011
00000001011110110101011110010011
00000000100110110001010000010011
00001111111101111111011110010011
00000000100101000101010000010011
00000001111110110101101100010011
00001000000001111000101001100011
00001111111100000000011100010011
00001010111001111000011001100011
00000000001101000001010000010011
00000100000000000000011100110111
00000000111001000110010000110011
11111000000101111000011110010011
00000000000000000000011100010011
01000000111101001000101000110011
00000000001010111001011110010011
00000000111001111110011110110011
11111111111101111000011110010011
00000000111000000000011010010011
00000001011010011100100100110011
00001000111101101110111001100011
00000000000000000011011010110111
00000000001001111001011110010011
11110111100001101000011010010011
00000000110101111000011110110011
00000000000001111010011110000011
00000000000001111000000001100111
00000010000010101000101001100011
00000000000010101000010100010011
01011110010100000000000011101111
11111111101101010000011110010011
11111000101000000000010010010011
00000000111110101001101010110011
01000000101001001000010010110011
11110111100111111111000001101111
00001111111100000000010010010011
00000000001000000000101110010011
11110110000010101000100011100011
00000000001100000000101110010011
11110110100111111111000001101111
00000000000000000000010010010011
00000000000100000000101110010011
11110101110111111111000001101111
00000010000001000000101001100011
00000000000001000000010100010011
01011010010100000000000011101111
11111111101101010000011110010011
00000000111101000001010000110011
11111000101000000000011110010011
01000000101001111000011110110011
11110110110111111111000001101111
00001111111100000000011110010011
00000000001000000000011100010011
11110110000001000000001011100011
00000000001100000000011100010011
11110101110111111111000001101111
00000000000000000000011110010011
00000000000100000000011100010011
11110101000111111111000001101111
00000000010101000001110000010011
00010110100010101111100001100011
11111111111110100000101000010011
00000000000000000000010000010011
00000001000011000101101100010011
00000000000000010000100110110111
00000000000010110000010110010011
11111110000010011000100110010011
00000000000010101000010100010011
01001001110100000000000011101111
00000001001111000111100110110011
00000000000001010000010110010011
00000000000001010000101110010011
00000000000010011000010100010011
00111101000100000000000011101111
00000000000001010000010010010011
00000000000010110000010110010011
00000000000010101000010100010011
01001100000100000000000011101111
00000001000001000101011110010011
00000001000001010001010100010011
00000000101001111110011110110011
00000000000010111000010000010011
00000000100101111111111001100011
00000000111111000000011110110011
11111111111110111000010000010011
00000001100001111110100001100011
00000000100101111111011001100011
11111111111010111000010000010011
00000001100001111000011110110011
01000000100101111000010010110011
00000000000010110000010110010011
00000000000001001000010100010011
01000011110100000000000011101111
00000000000001010000010110010011
00000000000001010000101010010011
00000000000010011000010100010011
00110111010100000000000011101111
00000000000001010000100110010011
00000000000010110000010110010011
00000000000001001000010100010011
01000110010100000000000011101111
00000001000001010001011110010011
00000000000010101000011100010011
00000011001101111111001001100011
00000001100001111000011010110011
00000000111101101011011000110011
11111111111110101000011100010011
00000000000001101000011110010011
00000000000001100001100001100011
00000001001101101111011001100011
11111111111010101000011100010011
00000001100001101000011110110011
00000001000001000001010000010011
01000001001101111000011110110011
00000000111001000110010000110011
00000000111100000011011110110011
00000000111101000110010000110011
00000111111110100000011100010011
00001100111000000101111001100011
00000000011101000111011110010011
00000000000001111000101001100011
00000000111101000111011110010011
00000000010000000000011010010011
00000000110101111000010001100011
00000000010001000000010000010011
00000000010001000001011110010011
00000000000001111101101001100011
11111000000000000000011110110111
11111111111101111000011110010011
00000000111101000111010000110011
00001000000010100000011100010011
00001111111000000000011110010011
00001000111001111100000001100011
00000000001101000101011110010011
00000010110000010010000010000011
00000010100000010010010000000011
00000000100101111001011110010011
00000001011101110001011100010011
00000000100101111101011110010011
00000001111110010001010100010011
00000000111101110110011100110011
00000010010000010010010010000011
00000010000000010010100100000011
00000001110000010010100110000011
00000001100000010010101000000011
00000001010000010010101010000011
00000001000000010010101100000011
00000000110000010010101110000011
00000000100000010010110000000011
00000000101001110110010100110011
00000011000000010000000100010011
00000000000000001000000001100111
00000001111110101001010000010011
00000000000110101101101010010011
11101001010111111111000001101111
00000000000010011000100100010011
00000000000010101000010000010011
00000000000010111000011100010011
00000000001100000000011110010011
00001000111101110000011001100011
00000000000100000000011110010011
00001000111101110000101001100011
00000000001000000000011110010011
11110100111101110001010011100011
00000000000000000000011110010011
00001111111100000000011100010011
11111000000111111111000001101111
00000000000010110000100100010011
11111101100111111111000001101111
00000000010000000000010000110111
00000000000000000000100100010011
00000000001100000000011100010011
11111100100111111111000001101111
00000000000100000000011110010011
01000000111001111000011110110011
00000001101100000000011100010011
00000100111101110100110001100011
00001001111010100000010010010011
00000000111101000101011110110011
00000000100101000001010000110011
00000000100000000011010000110011
00000000100001111110011110110011
00000000011101111111011100010011
00000000000001110000101001100011
00000000111101111111011100010011
00000000010000000000011010010011
00000000110101110000010001100011
00000000010001111000011110010011
00000000010101111001011100010011
00000000001101111101011110010011
00000010000001110101001001100011
00000000000000000000011110010011
00000000000100000000011100010011
11110001010111111111000001101111
00000000010000000000011110110111
00001111111100000000011100010011
00000000000000000000100100010011
11110000010111111111000001101111
00000000000000000000011110010011
00000000000000000000011100010011
11101111100111111111000001101111
11111110000000010000000100010011
00000001001000010010100000100011
00000001011101010101100100010011
00000000100100010010101000100011
00000001001100010010011000100011
00000001010100010010001000100011
00000000100101010001010010010011
00000000000100010010111000100011
00000000100000010010110000100011
00000001010000010010010000100011
00001111111110010111100100010011
00000000000001011000101010010011
00000000100101001101010010010011
00000001111101010101100110010011
00010100000010010000000001100011
00001111111100000000011110010011
00010100111110010000110001100011
00000000001101001001010010010011
00000100000000000000011110110111
00000000111101001110010010110011
11111000000110010000100100010011
00000000000000000000101000010011
00000001011110101101011110010011
00000000100110101001010000010011
00001111111101111111011110010011
00000000100101000101010000010011
00000001111110101101101010010011
00010100000001111000011001100011
00001111111100000000011100010011
00010110111001111000001001100011
00000000001101000001010000010011
00000100000000000000011100110111
00000000111001000110010000110011
11111000000101111000011110010011
00000000000000000000011100010011
00000000111110010000100100110011
00000000001010100001011110010011
00000000111001111110011110110011
00000000101000000000011010010011
00000000000110010000100000010011
00100000111101101100101001100011
00000000001000000000011010010011
00000001010110011100100110110011
00010100111101101100011001100011
11111111111101111000011110010011
00000000000100000000011010010011
00010110111101101111001001100011
00000000000000010000111010110111
11111111111111101000001100010011
00000001000001001101111100010011
00000001000001000101011110010011
00000000011001001111010010110011
00000000011001000111010000110011
00000000000001001000010100010011
00000000000001000000010110010011
00001111010100000000000011101111
00000000000001010000100010010011
00000000000001111000010110010011
00000000000001001000010100010011
00001110010100000000000011101111
00000000000001010000011100010011
00000000000001000000010110010011
00000000000011110000010100010011
00001101010100000000000011101111
00000000000001010000111000010011
00000000000001111000010110010011
00000000000011110000010100010011
00001100010100000000000011101111
00000001000010001101011110010011
00000001110001110000011100110011
00000000111001111000011110110011
00000000000001010000011010010011
00000001110001111111010001100011
00000001110101010000011010110011
00000000011001111111011100110011
00000001000001110001011100010011
00000000011010001111100010110011
00000001000101110000011100110011
00000001000001111101011110010011
00000000011001110001010000010011
00000000110101111000011110110011
00000001101001110101011100010011
00000000011001111001011110010011
00000000100000000011010000110011
00000000111001000110010000110011
00000000010001111001011100010011
00000000100001111110010000110011
00000000000001110101101001100011
00000000000101000101011110010011
00000000000101000111010000010011
00000000100001111110010000110011
00000000000010000000100100010011
00000000000010010000100000010011
00001100000000000000000001101111
00000010000001001000101001100011
00000000000001001000010100010011
00011011010100000000000011101111
11111111101101010000011110010011
11111000101000000000100100010011
00000000111101001001010010110011
01000000101010010000100100110011
11101100000111111111000001101111
00001111111100000000100100010011
00000000001000000000101000010011
11101010000001001000110011100011
00000000001100000000101000010011
11101011000111111111000001101111
00000000000000000000100100010011
00000000000100000000101000010011
11101010010111111111000001101111
00000010000001000000101001100011
00000000000001000000010100010011
00010111010100000000000011101111
11111111101101010000011110010011
00000000111101000001010000110011
11111000101000000000011110010011
01000000101001111000011110110011
11101011010111111111000001101111
00001111111100000000011110010011
00000000001000000000011100010011
11101010000001000000011011100011
00000000001100000000011100010011
11101010010111111111000001101111
00000000000000000000011110010011
00000000000100000000011100010011
11101001100111111111000001101111
00000000000100000000011010010011
00000000111101101001011110110011
01010011000001111111011010010011
00001100000001101001000001100011
00100100000001111111011010010011
00010010000001101001001001100011
00001000100001111111011110010011
11101010000001111000010011100011
00000000000010101000100110010011
00000000001000000000011110010011
00010000111101110000001001100011
00000000001100000000011110010011
00010000111101110000010001100011
00000000000100000000011110010011
00010000111101110000100001100011
00000111111110000000011100010011
00001000111000000101110001100011
00000000011101000111011110010011
00000000000001111000101001100011
00000000111101000111011110010011
00000000010000000000011010010011
00000000110101111000010001100011
00000000010001000000010000010011
00000000010001000001011110010011
00000000000001111101101001100011
11111000000000000000011110110111
11111111111101111000011110010011
00000000111101000111010000110011
00001000000010000000011100010011
00001111111000000000011110010011
00001010111001111100101001100011
00000000001101000101011110010011
00000001110000010010000010000011
00000001100000010010010000000011
00000000100101111001011110010011
00000001011101110001010100010011
00000000100101111101011110010011
00000001111110011001100110010011
00000000111101010110010100110011
00000001010000010010010010000011
00000001000000010010100100000011
00000000100000010010101000000011
00000000010000010010101010000011
00000001001101010110010100110011
00000000110000010010100110000011
00000010000000010000000100010011
00000000000000001000000001100111
00000000111100000000011010010011
00000110110101111000110001100011
00000000101100000000011010010011
11110100110101111000110011100011
00000000000001001000010000010011
00000000000010100000011100010011
11110101000111111111000001101111
00000000000100000000011110010011
01000000111001111000011110110011
00000001101100000000011100010011
00000110111101110100001001100011
00001001111010000000100000010011
00000001000001000001100000110011
00000000111101000101011110110011
00000001000000000011100000110011
00000001000001111110011110110011
00000000011101111111011100010011
00000000000001110000101001100011
00000000111101111111011100010011
00000000010000000000011010010011
00000000110101110000010001100011
00000000010001111000011110010011
00000000010101111001011100010011
00000000001101111101011110010011
00000010000001110101100001100011
00000000000000000000011110010011
00000000000100000000011100010011
11110101100111111111000001101111
00000000000000000000011110010011
00001111111100000000011100010011
11110100110111111111000001101111
00000000010000000000011110110111
00001111111100000000011100010011
00000000000000000000100110010011
11110011110111111111000001101111
00000000000000000000011110010011
00000000000000000000011100010011
11110011000111111111000001101111
00000000100000000000011010110111
11111111111101101000011010010011
11111111000000010000000100010011
00000000101001101111011000110011
00000001011101010101011100010011
00000000100000010010010000100011
00000001111101010101010000010011
00000000001101100001010100010011
00000001011101011101011000010011
00000000101101101111011010110011
00000001001000010010000000100011
00000000000100010010011000100011
00001111111101110111100100010011
00000000100100010010001000100011
00001111111101100111011000010011
00001111111100000000011100010011
00000001111101011101010110010011
00000000001101101001011110010011
00000000111001100001010001100011
00000000000001111001010001100011
00000000000101011100010110010011
01000000110010010000011010110011
00011000100001011001000001100011
00001000110100000101110001100011
00000010000001100001011001100011
00000010000001111000000001100011
11111111111110010000011010010011
00000000000001101001100001100011
00000000101001111000011110110011
00000000000100000000100100010011
00000100110000000000000001101111
00001111111100000000011100010011
00000000111010010001111001100011
00000000000001010000011110010011
00010000110000000000000001101111
00001111111100000000011100010011
11111110111010010000101011100011
00000100000000000000011100110111
00000000111001111110011110110011
00000001101100000000011000010011
00000000000100000000011100010011
00000000110101100100111001100011
00000010000000000000011000010011
00000000110101111101011100110011
01000000110101100000011010110011
00000000110101111001011010110011
00000000110100000011011010110011
00000000110101110110011100110011
00000000101001110000011110110011
00000000010101111001011100010011
00001100000001110101011001100011
00000000000110010000100100010011
00001111111100000000011100010011
00101100111010010000101001100011
01111110000000000000011100110111
00000000000101111111011010010011
11111111111101110000011100010011
00000000000101111101011110010011
00000000111001111111011110110011
00000000110101111110011110110011
00001010010000000000000001101111
00000110000001101000011001100011
01000001001001100000011100110011
00000010000010010001000001100011
00001100000001010000100001100011
11111111111101110000011010010011
11110110000001101000010011100011
00001111111100000000010110010011
00000010101101110001000001100011
00001111111100000000100100010011
00000111110000000000000001101111
00001111111100000000011010010011
11111110110101100000101011100011
00000100000000000000011010110111
00000000110101010110010100110011
00000000000001110000011010010011
00000001101100000000010110010011
00000000000100000000011100010011
00000000110101011100111001100011
00000010000000000000011100010011
01000000110101110000011100110011
00000000111001010001011100110011
00000000110101010101010110110011
00000000111000000011011100110011
00000000111001011110011100110011
00000000111001111000011110110011
00000000000001100000100100010011
11110110100111111111000001101111
00000000000110010000011100010011
00001111111001110111011010010011
00000100000001101001110001100011
00000100000010010001001001100011
00000010000001010000001001100011
11110000000001111000100011100011
00000000101001111000011110110011
00000000010101111001011100010011
00000000000001110101101001100011
11111100000000000000011100110111
11111111111101110000011100010011
00000000111001111111011110110011
00000000000100000000100100010011
00000000011101111111011100010011
00100000000001110000101001100011
00000000111101111111011100010011
00000000010000000000011010010011
00100000110101110000010001100011
00000000010001111000011110010011
00100000000000000000000001101111
11110110000001010000001011100011
00010110000001111001011001100011
00000000000001010000011110010011
11110101100111111111000001101111
00001111111100000000011010010011
00011110110101110000000001100011
00000000111101010000011110110011
00000000000101111101011110010011
00000000000001110000100100010011
11111100000111111111000001101111
00000110110100000101111001100011
00000110000001100001001001100011
11101010000001111000001011100011
11111111111110010000011010010011
00000000000001101001100001100011
01000000111101010000011110110011
00000000000100000000100100010011
00000011010000000000000001101111
00001111111100000000011100010011
11101000111010010000010011100011
00000001101100000000011000010011
00000000000100000000011100010011
00000000110101100100111001100011
00000010000000000000011000010011
00000000110101111101011100110011
01000000110101100000011010110011
00000000110101111001011010110011
00000000110100000011011010110011
00000000110101110110011100110011
01000000111001010000011110110011
00000000010101111001011100010011
11110110000001110101010011100011
00000100000000000000010010110111
11111111111101001000010010010011
00000000100101111111010010110011
00010000100000000000000001101111
00001111111100000000011100010011
11100100111010010000000011100011
00000100000000000000011100110111
00000000111001111110011110110011
11111011000111111111000001101111
00000110000001101000111001100011
01000001001001100000011100110011
00000010000010010001011001100011
00011010000001010000111001100011
11111111111101110000011010010011
00000000000001101001100001100011
01000000101001111000011110110011
00000000000001011000010000010011
11110111110111111111000001101111
00001111111100000000100000010011
00000011000001110001000001100011
00001111111100000000100100010011
00011001110000000000000001101111
00001111111100000000011010010011
11111110110101100000101011100011
00000100000000000000011010110111
00000000110101010110010100110011
00000000000001110000011010010011
00000001101100000000100000010011
00000000000100000000011100010011
00000000110110000100111001100011
00000010000000000000011100010011
01000000110101110000011100110011
00000000111001010001011100110011
00000000110101010101100000110011
00000000111000000011011100110011
00000000111010000110011100110011
01000000111001111000011110110011
00000000000001100000100100010011
00000000000001011000010000010011
11110101110111111111000001101111
00000000000110010000011100010011
00001111111001110111011100010011
00000100000001110001110001100011
00000010000010010001110001100011
00000000000001010001100001100011
00010010000001111001111001100011
00000000000000000000010000010011
00001100000000000000000001101111
11011000000001111000101011100011
01000000111101010000011100110011
00000000010101110001011010010011
01000000101001111000011110110011
00010010000001101100000001100011
00000000000001110000011110010011
11101000000001110001011011100011
00000000000000000000011110010011
11111101100111111111000001101111
11101010000001010001000011100011
00000000000001011000010000010011
11011110000001111001110011100011
00000000000000000000010000010011
00000010000000000000011110110111
00001111111100000000100100010011
00001000000000000000000001101111
01000000111101010000010010110011
00000000010101001001011100010011
00000100000001110101010001100011
01000000101001111000010010110011
00000000000001011000010000010011
00000000000001001000010100010011
01001010000000000000000011101111
11111111101101010000010100010011
00000000101001001001010010110011
00000011001001010100111001100011
01000001001001010000010100110011
00000000000101010000010100010011
00000010000000000000011100010011
01000000101001110000011100110011
00000000101001001101011110110011
00000000111001001001010010110011
00000000100100000011010010110011
00000000100101111110011110110011
00000000000000000000100100010011
11100001100111111111000001101111
11111100000001001001001011100011
00000000000000000000011110010011
00000000000000000000100100010011
11110101110111111111000001101111
11111100000000000000011110110111
11111111111101111000011110010011
01000000101010010000100100110011
00000000111101001111011110110011
11011111010111111111000001101111
00001111111100000000100100010011
00000000000000000000011110010011
00000000010101111001011100010011
00000000000001110101111001100011
00000000000110010000100100010011
00001111111100000000011100010011
00000110111010010000011001100011
11111100000000000000011100110111
11111111111101110000011100010011
00000000111001111111011110110011
00001111111100000000011100010011
00000000001101111101011110010011
00000000111010010001100001100011
00000000000001111000011001100011
00000000010000000000011110110111
00000000000000000000010000010011
00000000110000010010000010000011
00000001011110010001011100010011
00000001111101000001010100010011
01111111100000000000011010110111
00000000100000010010010000000011
00000000100101111001011110010011
00000000110101110111011100110011
00000000100101111101011110010011
00000000111101110110011110110011
00000000010000010010010010000011
00000000000000010010100100000011
00000000101001111110010100110011
00000001000000010000000100010011
00000000000000001000000001100111
00000000000001110000100100010011
00000000000001011000010000010011
11010111000111111111000001101111
00000000000000000000011110010011
11111010000111111111000001101111
00000000100000000000011000110111
00000001011101010101011100010011
11111111111101100000011110010011
00001111111101110111011100010011
00000111111000000000010110010011
00000000101001111111011110110011
00000001111101010101011010010011
00000100111001011101011001100011
00001001110100000000010110010011
00000000111001011101101001100011
10000000000000000000010100110111
11111111111101010000010100010011
00000000101001101000010100110011
00000000000000001000000001100111
00000000110001111110010100110011
00001001010100000000011110010011
00000000111001111101110001100011
11110110101001110000011100010011
00000000111001010001010100110011
00000010000001101000000001100011
01000000101000000000010100110011
00000000000000001000000001100111
00001001011000000000011110010011
01000000111001111000011110110011
00000000111101010101010100110011
11111110100111111111000001101111
00000000000000000000010100010011
00000000000000001000000001100111
11111111000000010000000100010011
00000000000100010010011000100011
00000000100000010010010000100011
00000000100100010010001000100011
00000000000001010000011110010011
00001110000001010000000001100011
01000001111101010101011100010011
00000000101001110100010000110011
01000000111001000000010000110011
00000001111101010101010010010011
00000000000001000000010100010011
00110001110000000000000011101111
00001001111000000000011110010011
01000000101001111000011110110011
00001001011000000000011100010011
00000100111101110100000001100011
00000000100000000000011100010011
00001010111001010000111001100011
11111111100001010000010100010011
00000000101001000001010000110011
00000000100101000001010000010011
00000000100101000101010000010011
00000001011101111001011110010011
00000000110000010010000010000011
00000000100001111110011110110011
00000000100000010010010000000011
00000001111101001001010100010011
00000000101001111110010100110011
00000000010000010010010010000011
00000001000000010000000100010011
00000000000000001000000001100111
00001001100100000000011100010011
00000110111101110101010001100011
00000000010100000000011100010011
01000000101001110000011100110011
00000001101101010000011010010011
00000000111001000101011100110011
00000000110101000001010000110011
00000000100000000011010000110011
00000000100001110110011100110011
11111100000000000000010000110111
11111111111101000000010000010011
00000000011101110111011010010011
00000000100001110111010000110011
00000000000001101000101001100011
00000000111101110111011100010011
00000000010000000000011010010011
00000000110101110000010001100011
00000000010001000000010000010011
00000000010101000001011100010011
00000000000001110101110001100011
11111100000000000000011110110111
11111111111101111000011110010011
00000000111101000111010000110011
00001001111100000000011110010011
01000000101001111000011110110011
00000000001101000101010000010011
11110110110111111111000001101111
11111111101101010000011100010011
00000000111001000001011100110011
11111011000111111111000001101111
00000000000000000000010010010011
00000000000000000000010000010011
11110101010111111111000001101111
00001001011000000000011110010011
11110100110111111111000001101111
11111111000000010000000100010011
00000000100000010010010000100011
00000000000100010010011000100011
00000000000001010000010000010011
00000000000000000000011100010011
00000010000001010000010001100011
00100010100000000000000011101111
00001001111000000000011100010011
01000000101001110000011100110011
00001001011000000000011110010011
00000010111001111100101001100011
00000000100000000000011110010011
00001010111101010000001001100011
11111111100001010000010100010011
00000000101001000001010000110011
00000000100101000001010000010011
00000000100101000101010000010011
00000001011101110001010100010011
00000000110000010010000010000011
00000000100001010110010100110011
00000000100000010010010000000011
00000001000000010000000100010011
00000000000000001000000001100111
00001001100100000000011110010011
00000110111001111101010001100011
00000001101101010000011110010011
00000000010100000000011010010011
00000000111101000001011110110011
01000000101001101000011010110011
00000000111100000011011110110011
00000000110101000101010000110011
00000000100001111110011110110011
11111100000000000000010000110111
11111111111101000000010000010011
00000000011101111111011010010011
00000000100001111111010000110011
00000000000001101000101001100011
00000000111101111111011110010011
00000000010000000000011010010011
00000000110101111000010001100011
00000000010001000000010000010011
00000000010101000001011110010011
00000000000001111101110001100011
11111100000000000000011110110111
11111111111101111000011110010011
00001001111100000000011100010011
00000000111101000111010000110011
01000000101001110000011100110011
00000000001101000101010000010011
11110111100111111111000001101111
11111111101101010000011110010011
00000000111101000001011110110011
11111011000111111111000001101111
00001001011000000000011100010011
11110110010111111111000001101111
00000000000001010000011000010011
00000000000000000000010100010011
00000000000101011111011010010011
00000000000001101000010001100011
00000000110001010000010100110011
00000000000101011101010110010011
00000000000101100001011000010011
11111110000001011001011011100011
00000000000000001000000001100111
00000000000001010000111000010011
11111111000000010000000100010011
00000000000001101000001100010011
00000000000100010010011000100011
00000000000001100000010100010011
00000000000011100000100010010011
00000000000001100000011010010011
00000000000000000000011100010011
00000000000000000000011110010011
00000000000000000000100000010011
00000000000101101111111010010011
00000000000101110001011000010011
00000000000011101000101001100011
00000001000010001000100000110011
00000000111001111000011110110011
00000001000110000011011100110011
00000000111101110000011110110011
00000001111110001101011100010011
00000000000101101101011010010011
00000000111001100110011100110011
00000000000110001001100010010011
11111100000001101001101011100011
00000000000001011000011001100011
11111000000111111111000011101111
00000000101001111000011110110011
00000000000000110000101001100011
00000000000011100000010100010011
00000000000000110000010110010011
11110110110111111111000011101111
00000000111101010000011110110011
00000000110000010010000010000011
00000000000010000000010100010011
00000000000001111000010110010011
00000001000000010000000100010011
00000000000000001000000001100111
00000110000001010100000001100011
00000110000001011100011001100011
00000000000001011000011000010011
00000000000001010000010110010011
11111111111100000000010100010011
00000010000001100000110001100011
00000000000100000000011010010011
00000000101101100111101001100011
00000000110000000101100001100011
00000000000101100001011000010011
00000000000101101001011010010011
11111110101101100110101011100011
00000000000000000000010100010011
00000000110001011110011001100011
01000000110001011000010110110011
00000000110101010110010100110011
00000000000101101101011010010011
00000000000101100101011000010011
11111110000001101001011011100011
00000000000000001000000001100111
00000000000000001000001010010011
11111011010111111111000011101111
00000000000001011000010100010011
00000000000000101000000001100111
01000000101000000000010100110011
00000000101100000100100001100011
01000000101100000000010110110011
11111001110111111111000001101111
01000000101100000000010110110011
00000000000000001000001010010011
11111001000111111111000011101111
01000000101000000000010100110011
00000000000000101000000001100111
00000000000000001000001010010011
00000000000001011100101001100011
00000000000001010100110001100011
11110111100111111111000011101111
00000000000001011000010100010011
00000000000000101000000001100111
01000000101100000000010110110011
11111110000001010101100011100011
01000000101000000000010100110011
11110110000111111111000011101111
01000000101100000000010100110011
00000000000000101000000001100111
00000000000000010000011110110111
00000010111101010111101001100011
00010000000001010011011110010011
00000000000101111011011110010011
00000000001101111001011110010011
00000000000000000011011100110111
00000010000000000000011010010011
01000000111101101000011010110011
00000000111101010101010100110011
11111011010001110000011110010011
00000000101001111000011110110011
00000000000001111100010100000011
01000000101001101000010100110011
00000000000000001000000001100111
00000001000000000000011100110111
00000001100000000000011110010011
11111100111001010111101011100011
00000001000000000000011110010011
11111100110111111111000001101111
01101110011001010100001000001010
01100001011011010110100001100011
01010100001000000110101101110010
01101110011010010110110101101001
00000000000010100011101001100111
01100001011101000110111101010100
01101001011101000010000001101100
00100000001110100110010101101101
01110011001000000111001100100101
01101110011011110110001101100101
00000000000010100111001101100100
01110100011100110110111001001001
01110100011000110111010101110010
01110011011011100110111101101001
01110010011001010111000000100000
01100011011110010110001100100000
00101000001000000110010101101100
00101001010000110101000001001001
01110011001001010010000000111010
00000000000000000000000000001010
01101101011001010100110100001010
00100000011110010111001001101111
01110100011000010111010001010011
01101001011101000111001101101001
00001010001110100111001101100011
00000000000000000000000000000000
01100001011101000110111101010100
01100101011011010010000001101100
01111001011100100110111101101101
01100101011100000110111100100000
01101001011101000110000101110010
00111010011100110110111001101111
00001010011101010010010100100000
00000000000000000000000000000000
01101111011011010110010101001101
01110111001000000111100101110010
00100000011101000110100101100001
01101100011000110111100101100011
00100000001110100111001101100101
00101000001000000111010100100101
00100101001001010111001100100101
00100000011001100110111100100000
01100001011101000110111101110100
01101001011101000010000001101100
00001010001010010110010101101101
00000000000000000000000000000000
01110010011001010111011001000001
00100000011001010110011101100001
01101100011000110111100101100011
01110000001000000111001101100101
01101101001000000111001001100101
01110010011011110110110101100101
01110000011011110010000001111001
01110100011000010111001001100101
00111010011011100110111101101001
00001010011100110010010100100000
00000000000000000000000000000000
01001111010100100101001001000101
01011010001000000010000101010010
01101101011100000110100001101001
01010101010100000100001100100000
01110100011110000110010100100000
01101001011100110110111001100101
01101110001000000110111001101111
01101001001000000111010001101111
01100101011011000111000001101101
01110100011011100110010101101101
00001010001000010110010001100101
00000000000000000000000000000000
01001111010100100101001001000101
01001110001000000010000101010010
01010000010010000010000001101111
01101111011000110010000001001101
01100101011101000110111001110101
01101001001000000111001101110010
01100101011011000111000001101101
01110100011011100110010101101101
00001010001000010110010001100101
00000000000000000000000000000000
00111100001111000011110000001010
01001111010001010100111000100000
00110010001100110101011001010010
01110010011000010100100000100000
01110010011000010111011101100100
01100101010100000010000001100101
01110010011011110110011001110010
01100011011011100110000101101101
01101111010011010010000001100101
01101111011101000110100101101110
00101000001000000111001101110010
01110011010011010101000001001000
01111000010001010010000000101001
01101100011100000110110101100001
01110010010100000010000001100101
01100001011100100110011101101111
00111110001111100010000001101101
00000000000010100000101000111110
01010100010011110100111001011011
01000011001000000101110101000101
01101011011000110110111101101100
01100101011001010111000001110011
00100101001000000011101001100100
01111010010010000010000001100100
00000000000000000000000000001010
01010100010011110100111001011011
01010100001000000101110101000101
00100000011100110110100101101000
01100111011011110111001001110000
00100000011011010110000101110010
01101100011011000110100101110111
01100101011100110111010100100000
00100000011100000111010100100000
00111001001000000110111101110100
01001101010100000100100000100000
01110101011011110110001100100000
01110010011001010111010001101110
01101001001010000010000001110011
01110110011000010010000001100110
01100001011011000110100101100001
00101001011001010110110001100010
00000000000010100000101000101110
01001000001000000111010100100101
01100011001000000100110101010000
01110100011011100111010101101111
00100000011100110111001001100101
01100101011101000110010101100100
01100100011001010111010001100011
01100001011001010010000000101100
00100101001000000110100001100011
01101001011000100010000001110101
01110111001000000111001101110100
00001010011001010110010001101001
00000000000000000000000000000000
01010011001000000011111000001010
01110100011100100110000101110100
00100000011001110110111001101001
01100011011011100110010101100010
01110010011000010110110101101000
00001010001000000010111001101011
00000000000000000000000000000000
01010011001000000011111000001001
01110011011001010111101001101001
01000001010001000010000000111010
00100101001000000100000101010100
00100000011111000010000001100100
01010100010100110100111001001001
01100100001001010010000001010010
01000011001000000111110000100000
00100000010110010101000001001111
00001010001000000110010000100101
00000000000000000000000000000000
01100101010000100010000000111110
01101101011010000110001101101110
00100000011010110111001001100001
01110000011011010110111101000011
01100101011101000110010101101100
00000000000000000000101000101110
01001101010100000100100000001010
01110011011001010111001000100000
01110011011101000110110001110101
01101111011011000010100000100000
01101111011101110010110101110111
00100000011100110110010001110010
01111001011011000110111001101111
00000000000010100011101000101001
01100011011110010110001100100000
00101000001000000110010101101100
01101001011101000110001101100001
01100011001000000110010101110110
01101011011000110110111101101100
01100011011110010110001100100000
00101001011100110110010101101100
00100000001000000010000000100000
00100000001000000010000000100000
00100101001000000011101000100000
00000000000000000000101001110101
01110011011011100110100100100000
01110100011001010111001001110100
01100101011100100010100000100000
01100101011100100110100101110100
01101110011010010010000001100100
01110101011100100111010001110011
01101111011010010111010001100011
00100000001010010111001101101110
00100000001000000010000000100000
00100101001000000011101000100000
00000000000000000000101001110101
01001101010100000100100000100000
00101000001000000011001100110000
01110000011011010110111101100011
01110011011100110110010101110010
01101001001000000110010001100101
01110010011101000111001101101110
01101001011101000110001101110101
00101001011100110110111001101111
00100000001000000010000000100000
00100101001000000011101000100000
00000000000000000000101001110101
01001101010100000100100000100000
00101000001000000011010000110000
01110100011100110110111001101001
01100100001000000010111001110010
01100001011100000111001101101001
00100000011010000110001101110100
01110100011010010110000101110111
01100011011110010110001100100000
00101001011100110110010101101100
00100101001000000011101000100000
00000000000000000000101001110101
01001101010100000100100000100000
00101000001000000011010100110000
00100000010101010100110001000001
01110100011010010110000101110111
01100011011110010110001100100000
00101001011100110110010101101100
00100000001000000010000000100000
00100000001000000010000000100000
00100000001000000010000000100000
00100101001000000011101000100000
00000000000000000000101001110101
01001101010100000100100000100000
00101000001000000011011000110000
01101110011000010111001001100010
01101001001000000110100001100011
01110010011101000111001101101110
01101001011101000110001101110101
00101001011100110110111001101111
00100000001000000010000000100000
00100000001000000010000000100000
00100101001000000011101000100000
00000000000000000000101001110101
01001101010100000100100000100000
00101000001000000011011100110000
01110100011011100110111101100011
00100000011011000110111101110010
01110111011011110110110001100110
01100001011100100111010000100000
01100101011001100111001101101110
00100000001010010111001101110010
00100000001000000010000000100000
00100101001000000011101000100000
00000000000000000000101001110101
01001101010100000100100000100000
00101000001000000011100000110000
01100100011000010110111101101100
01110011011011100110100100100000
01100011011101010111001001110100
01101110011011110110100101110100
00100000001000000010100101110011
00100000001000000010000000100000
00100000001000000010000000100000
00100101001000000011101000100000
00000000000000000000101001110101
01001101010100000100100000100000
00101000001000000011100100110000
01110010011011110111010001110011
01101110011010010010000001100101
01110101011100100111010001110011
01101111011010010111010001100011
00100000001010010111001101101110
00100000001000000010000000100000
00100000001000000010000000100000
00100101001000000011101000100000
00000000000000000000101001110101
01001101010100000100100000100000
00101000001000000011000000110001
01100100011000010110111101101100
01101111011101000111001100101111
01110111001000000110010101110010
00100000011101000110100101100001
01101100011000110111100101100011
00100000001010010111001101100101
00100000001000000010000000100000
00100101001000000011101000100000
00000000000000000000101001110101
01001101010100000100100000100000
00101000001000000011000100110001
01100101011101000110111001100101
00100000011001000110010101110010
01110000011000010111001001110100
00100000001000000010100101110011
00100000001000000010000000100000
00100000001000000010000000100000
00100000001000000010000000100000
00100101001000000011101000100000
00000000000000000000101001110101
01101111011100100101000000001010
01101101011000010111001001100111
01101101011011110110001100100000
01110100011001010110110001110000
00001010001011100110010001100101
00000000000000000000000000000000
01101110011001010100001000001010
01100001011011010110100001100011
01101110011010010110101101110010
01100011011100110010000001100111
01101110011010010111001001101111
00001010000010100011101001100111
00000000000000000000000000000000
01001111010001010100111000111100
00110010001100110101011001010010
01000101010101000101001000101101
00000000000000000010000000111110
00100000010111010100110101011011
00000000000000000000000000000000
00100000010111010101010101011011
00000000000000000000000000000000
01110100011100110110111001001001
01110100011000110111010101110010
00100000011011100110111101101001
01100101011000110110001101100001
01100110001000000111001101110011
01110100011011000111010101100001
00000000000000000000000000000000
01100101011011000110110001001001
00100000011011000110000101100111
01110100011100110110111001101001
01110100011000110111010101110010
00000000011011100110111101101001
01110100011100110110111001001001
01110100011000110111010101110010
00100000011011100110111101101001
01110010011001000110010001100001
00100000011100110111001101100101
01100001011100110110100101101101
01101110011001110110100101101100
00000000000000000110010001100101
01101001011101100110111001000101
01101101011011100110111101110010
00100000011101000110111001100101
01100001011001010111001001100010
01101001011011110111000001101011
00000000000000000111010001101110
01100100011000010110111101001100
01100100011001000110000100100000
01110011011100110110010101110010
01110011011010010110110100100000
01100111011010010110110001100001
00000000011001000110010101101110
01100100011000010110111101001100
01100011011000110110000100100000
00100000011100110111001101100101
01101100011101010110000101100110
00000000000000000000000001110100
01110010011011110111010001010011
01100100011000010010000001100101
01110011011001010111001001100100
01101001011011010010000001110011
01101001011011000110000101110011
01100100011001010110111001100111
00000000000000000000000000000000
01110010011011110111010001010011
01100011011000010010000001100101
01110011011100110110010101100011
01110101011000010110011000100000
00000000000000000111010001101100
01101001011101100110111001000101
01101101011011100110111101110010
00100000011101000110111001100101
01101100011011000110000101100011
01101111011100100110011000100000
00101101010101010010000001101101
01100101011001000110111101101101
00000000000000000000000000000000
01101001011101100110111001000101
01101101011011100110111101110010
00100000011101000110111001100101
01101100011011000110000101100011
01101111011100100110011000100000
00101101010011010010000001101101
01100101011001000110111101101101
00000000000000000000000000000000
01101000011000110110000101001101
00100000011001010110111001101001
01110100011001100110111101110011
01100101011100100110000101110111
01010001010100100100100100100000
00000000000000000000000000000000
01101000011000110110000101001101
00100000011001010110111001101001
01100101011011010110100101110100
01010010010010010010000001110010
00000000000000000000000001010001
01101000011000110110000101001101
00100000011001010110111001101001
01100101011101000111100001100101
01101100011000010110111001110010
01010001010100100100100100100000
00000000000000000000000000000000
01110100011100110110000101000110
01010001010100100100100100100000
00000000000000000000000000100000
01101110011010110110111001010101
00100000011011100111011101101111
01110000011000010111001001110100
01110101011000010110001100100000
00000000001000000110010101110011
01010000001000000100000000100000
00000000000000000011110101000011
01010100010011010010000000101100
01010100010100110100111001001001
00000000000000000000000000111101
01010100010011010010000000101100
00111101010011000100000101010110
00000000000000000000000000000000
01110011011010010100010000100000
01101001011011000110001001100001
01001001001000000110011101101110
01110011001000000101000101010010
01100011011100100111010101101111
00000000000000000000101001100101
01000110001000010010000100100000
01001100010000010101010001000001
01000011010110000100010100100000
01001001010101000101000001000101
00100001001000010100111001001111
01101100011000010100100000100000
01100111011011100110100101110100
01010101010100000100001100100000
01001110001011110011110000100000
01010110010100100100111101000101
01010010001011010011001000110011
00001010001111100100010101010100
00000000000000000000000000000000
00000000000000000000110101101000
00000000000000000000110010010100
00000000000000000000110101011100
00000000000000000000110101110100
00000000000000000000110110000000
00000000000000000000110110001100
00000000000000000000110110011000
00000000000000000000110110100100
00000000000000000000110110110000
00000000000000000000110010001000
00000000000000000000110010001000
00000000000000000000110110111100
00000000000000000000110111001000
00000000000000000000110010001000
00000000000000000000110010001000
00000000000000000000110010001000
00000000000000000000110111010100
00000000000000000000110010001000
00000000000000000000110010001000
00000000000000000000110010001000
00000000000000000000110111100000
00000000000000000000110010001000
00000000000000000000110010001000
00000000000000000000110010001000
00000000000000000000110010001000
00000000000000000000110111101100
00000000000000000000110111111000
00000000000000000000111000000100
00000000000000000000111000001100
00000000000000000000111000010100
00000000000000000000111000011100
00000000000000000000111000100100
00000000000000000000111000101100
00000000000000000000111000110100
00000000000000000000111000111100
00000000000000000000111001000100
00000000000000000000111001001100
00000000000000000000111001010100
00000000000000000000111001011100
00000000000000000000111001100100
00000000000000000000111001101100
00000000000000000001000011010000
00000000000000000001000000011000
00000000000000000001000011000100
00000000000000000001000011011100
00000000000000000001000011101000
00000000000000000001000011110100
00000000000000000001000100000000
00000000000000000001000100001100
00000000000000000001000100011000
00000000000000000000111111001000
00000000000000000000111111001000
00000000000000000001000100100100
00110011001100100011000100110000
00110111001101100011010100110100
01000010010000010011100100111000
01000110010001010100010001000011
00000000000000000000000000000000
00110011001100100011000100110000
00110111001101100011010100110100
01100010011000010011100100111000
01100110011001010110010001100011
00000000000000000000000000000000
00110011001100100011000100110000
00110111001101100011010100110100
00000000000000000011100100111000
00000000000000000001101110111100
00000000000000000001110001000100
00000000000000000001101111001000
00000000000000000001110001000100
00000000000000000001101111010000
00000000000000000001110001000100
00000000000000000001101111001000
00000000000000000001101110111100
00000000000000000001101110111100
00000000000000000001101111010000
00000000000000000001101111001000
00000000000000000001101110011000
00000000000000000001101110011000
00000000000000000001101110011000
00000000000000000001101111010000
00000010000000100000000100000000
00000011000000110000001100000011
00000100000001000000010000000100
00000100000001000000010000000100
00000101000001010000010100000101
00000101000001010000010100000101
00000101000001010000010100000101
00000101000001010000010100000101
00000110000001100000011000000110
00000110000001100000011000000110
00000110000001100000011000000110
00000110000001100000011000000110
00000110000001100000011000000110
00000110000001100000011000000110
00000110000001100000011000000110
00000110000001100000011000000110
00000111000001110000011100000111
00000111000001110000011100000111
00000111000001110000011100000111
00000111000001110000011100000111
00000111000001110000011100000111
00000111000001110000011100000111
00000111000001110000011100000111
00000111000001110000011100000111
00000111000001110000011100000111
00000111000001110000011100000111
00000111000001110000011100000111
00000111000001110000011100000111
00000111000001110000011100000111
00000111000001110000011100000111
00000111000001110000011100000111
00000111000001110000011100000111
00001000000010000000100000001000
00001000000010000000100000001000
00001000000010000000100000001000
00001000000010000000100000001000
00001000000010000000100000001000
00001000000010000000100000001000
00001000000010000000100000001000
00001000000010000000100000001000
00001000000010000000100000001000
00001000000010000000100000001000
00001000000010000000100000001000
00001000000010000000100000001000
00001000000010000000100000001000
00001000000010000000100000001000
00001000000010000000100000001000
00001000000010000000100000001000
00001000000010000000100000001000
00001000000010000000100000001000
00001000000010000000100000001000
00001000000010000000100000001000
00001000000010000000100000001000
00001000000010000000100000001000
00001000000010000000100000001000
00001000000010000000100000001000
00001000000010000000100000001000
00001000000010000000100000001000
00001000000010000000100000001000
00001000000010000000100000001000
00001000000010000000100000001000
00001000000010000000100000001000
00001000000010000000100000001000
00001000000010000000100000001000
00000000000000000000000000000000
10000000000000000000000110100100
10000000000000000000001000001100
10000000000000000000001001110100
00000000000000000000000000000000
00000000000000000000000000000000
00000000000000000000000000000000
00000000000000000000000000000000
00000000000000000000000000000000
00000000000000000000000000000000
00000000000000000000000000000000
00000000000000000000000000000000
00000000000000000000000000000000
00000000000000000000000000000000
00000000000000000000000000000000
00000000000000000000000000000000
00000000000000000000000000000000
00000000000000000000000000000000
00000000000000000000000000000000
00000000000000000000000000000000
00000000000000000000000000000000
00000000000000000000000000000000
00000000000000000000000000000000
00000000000000000000000000000000
00000000000000000000000000000000
00000000000000000000000000000000
00000000000000000000000000000000
00000000000000000000000000000000
00000000000000000000000000000000
00000000000000000000000000000000
00000000000000000000000000000000
00000000000000000000000000000000
00000000000000000000000000000000
00000000000000000000000000000000
00000000000000000000000000000000
00000000000000000000000000000000
00000000000000000000000000000000
00000000000000000000000000000000
00000000000000000000000000000001
00000000000000000000000000000000
10101011110011010011001100001110
11100110011011010001001000110100
00000000000001011101111011101100
00000000000000000000000000001011
00000000000000000000000000000000
00000000000000000000000000000000
00000000000000000000000000000000
00000000000000000000000000000000
00000000000000000000000000000000
00000000000000000000000000000000
00000000000000000000000000000000
00000000000000000000000000000000
00000000000000000000000000000000
00000000000000000000000000000000
00000000000000000000000000000000
00000000000000000000000000000000
00000000000000000000000000000000
00000000000000000000000000000000
00000000000000000000000000000000
00000000000000000000000000000000
00000000000000000000000000000000
00000000000000000000000000000000
00000000000000000000000000000000
00000000000000000000000000000000
00000000000000000000000000000000
00000000000000000000000000000000
00000000000000000000000000000000
00000000000000000000000000000000
00000000000000000000000000000000
00000000000000000000000000000000
00000000000000000000000000000000
00000000000000000000000000000000
01001100100101010111111100101101
01011000010100011111010000101101
01000010110010000000000000000000
10000000000000000000000000000000
